<?xml version="1.0" encoding="UTF-8"?>
<tns:PKIMessage version="1.0" ID="12345678-1234-4123-8899-123456789013"
	xmlns:ds="http://www.w3.org/2000/09/xmldsig#"
	xmlns:tns="http://certificateservices.org/xsd/pkimessages1_0"
	xmlns:xsi="http://www.w3.org/2001/XMLSchema-instance"
	xsi:schemaLocation="http://certificateservices.org/xsd/pkimessages1_0 pkimessages_schema.xsd ">
	<name>SEC-024-B</name>
	<sourceId>PIE1</sourceId>
	<destinationId>CA1</destinationId>
	<payload>
		<issueTokenCredentialsResponse>
			<inResponseTo>12345678-1234-4123-8899-123456789012</inResponseTo>
			<status>SUCCESS</status>
			<tokenRequest>
				<credentialRequests>
					<credentialRequest>
						<credentialRequestId>1</credentialRequestId>
						<credentialType>X509Certificate</credentialType>
						<credentialSubType>VehicleCert</credentialSubType>
						<x509RequestType>PKCS10</x509RequestType>
						<credentialRequestData>MA==</credentialRequestData>
					</credentialRequest>
				</credentialRequests>
				<organisation>VCCDEV</organisation>
				<user>ABCDE1234</user>
				<tokenContainer>PKCS12</tokenContainer>
				<tokenType>VEHICLECERT</tokenType>
				<tokenClass>ORDINARY</tokenClass>
			</tokenRequest>
			<credentials>
				<credentialRequestId>1</credentialRequestId>
				<uniqueId>ABCD1234</uniqueId>
				<displayName>ABCD1234</displayName>
				<serialNumber>ABCD12347890</serialNumber>
				<issuerId>CN=Vehicle CA, O=Volvo Cars Corporation</issuerId>
				<status>ACTIVE</status>
				<credentialType>X509Credential</credentialType>
				<credentialSubType>VehicleCert</credentialSubType>
				<credentialData>MA==</credentialData>
				<issueDate>2001-12-31T12:00:00</issueDate>
				<expireDate>2001-12-31T12:00:00</expireDate>
				<validFromDate>2001-12-31T12:00:00</validFromDate>
			</credentials>
		</issueTokenCredentialsResponse>
	</payload>
	<ds:Signature xmlns="http://www.w3.org/2000/09/xmldsig#">
		<SignedInfo>
			<CanonicalizationMethod Algorithm="http://www.w3.org/2001/10/xml-exc-c14n#" />
			<SignatureMethod Algorithm="http://www.w3.org/2001/04/xmldsig-more#rsa-sha256" />
			<Reference URI="#e50a362b-223c-4f0a-ae80-b1a1fb168753">
				<DigestMethod Algorithm="http://www.w3.org/2001/04/xmlenc#sha256" />
				<DigestValue>MA==</DigestValue>
			</Reference>
		</SignedInfo>
		<SignatureValue>MA==</SignatureValue>
		<KeyInfo>
			<X509Data>
				<X509Certificate>MA==</X509Certificate>
			</X509Data>
		</KeyInfo>
	</ds:Signature>
</tns:PKIMessage>
